Workbook
Name Lista_Tipos: Listas!$A$2:$A$100
Name Lista_Fases: Listas!$D$2:$D$100
Name Lista_Responsaveis: Listas!$I$2:$I$50
Name Lista_Canais: Listas!$K$2:$K$20
Name Lista_PFPJ: Listas!$M$2:$M$5
Name Feriados: Listas!$O$2:$O$200

Sheet Início
B1: Controle de Atos — Procurações e Escrituras
B2: Planilha 100% nativa do Google Sheets. Não usa Apps Script.
B4: Rotina diária
B5: 1. Abra a sua Visualização de Filtro: menu Dados › Visualizações de filtro › "Minhas — <seu nome>".
B6: 2. Ato novo: preencha uma linha na aba PROTOCOLOS. O ID é obrigatório; o Nº DRD entra depois, quando sair.
B7: 3. Documentos: copie o bloco do tipo de ato na aba LISTAS (colunas R e S), cole no fim da aba CHECKLIST e preencha o ID.
B8: 4. Ao mexer em um protocolo, atualize "Última atualização" (Ctrl+;) e "Atualizado por".
B9: 5. Para registrar andamento em texto, use Comentário nativo na linha (Ctrl+Alt+M) — ele grava autor e data/hora sozinho.
B11: Regras do setor
B12: Prazo: 5 dias úteis contados da data em que a documentação ficou completa. Sem exceção por tipo de ato.
B13: O prazo só aparece depois de preenchida a coluna "Data doc. completa".
B14: Marcar "Doc. completa?" é decisão de quem confere — o checklist NÃO marca isso sozinho.
... B23: ainda precisam ser validados. O prazo de 5 dias úteis depende inteiramente dessa lista.

Sheet Protocolos
A1: ID | B1: Nº DRD | C1: Data do protocolo | D1: Cliente | E1: PF/PJ | F1: Telefone | G1: E-mail | H1: Outorgados | I1: Tipo de ato | J1: Categoria | K1: Canal | L1: Responsável | M1: Doc. completa? | N1: Data doc. completa | O1: Prazo | P1: Dias úteis restantes | Q1: Situação | R1: Fase | S1: Digitalizado? | T1: Data digitalização | U1: % Checklist | V1: Última atualização | W1: Atualizado por | X1: Observações | Y1: Arquivado? | Z1: Criado em
J2: =IF($I2="","",IFERROR(VLOOKUP($I2,Listas!$A$2:$B$100,2,FALSE),"—")) | M2: FALSE | O2: =IF($N2="","",WORKDAY($N2,5,Listas!$O$2:$O$200)) | P2: =IF($O2="","",IF($O2>=TODAY(),NETWORKDAYS(TODAY(),$O2,Listas!$O$2:$O$200)-1,NETWORKDAYS(TODAY(),$O2,Listas!$O$2:$O$200)+1)) | Q2: =IF($O2="","",IF($R2="Finalizado","Concluído",IF($R2="Usuário desistiu","Encerrado",IF($P2<0,"Atrasado",IF($P2=0,"Vence hoje","No prazo"))))) | S2: FALSE | U2: =IF(COUNTIF(Checklist!$A$2:$A$3000,$A2)=0,"",COUNTIFS(Checklist!$A$2:$A$3000,$A2,Checklist!$C$2:$C$3000,TRUE)/COUNTIF(Checklist!$A$2:$A$3000,$A2)) | Y2: FALSE
J3: =IF($I3="","",IFERROR(VLOOKUP($I3,Listas!$A$2:$B$100,2,FALSE),"—")) | M3: FALSE | O3: =IF($N3="","",WORKDAY($N3,5,Listas!$O$2:$O$200)) | P3: =IF($O3="","",IF($O3>=TODAY(),NETWORKDAYS(TODAY(),$O3,Listas!$O$2:$O$200)-1,NETWORKDAYS(TODAY(),$O3,Listas!$O$2:$O$200)+1)) | Q3: =IF($O3="","",IF($R3="Finalizado","Concluído",IF($R3="Usuário desistiu","Encerrado",IF($P3<0,"Atrasado",IF($P3=0,"Vence hoje","No prazo"))))) | S3: FALSE | U3: =IF(COUNTIF(Checklist!$A$2:$A$3000,$A3)=0,"",COUNTIFS(Checklist!$A$2:$A$3000,$A3,Checklist!$C$2:$C$3000,TRUE)/COUNTIF(Checklist!$A$2:$A$3000,$A3)) | Y3: FALSE
J4: =IF($I4="","",IFERROR(VLOOKUP($I4,Listas!$A$2:$B$100,2,FALSE),"—")) | M4: FALSE | O4: =IF($N4="","",WORKDAY($N4,5,Listas!$O$2:$O$200)) | P4: =IF($O4="","",IF($O4>=TODAY(),NETWORKDAYS(TODAY(),$O4,Listas!$O$2:$O$200)-1,NETWORKDAYS(TODAY(),$O4,Listas!$O$2:$O$200)+1)) | Q4: =IF($O4="","",IF($R4="Finalizado","Concluído",IF($R4="Usuário desistiu","Encerrado",IF($P4<0,"Atrasado",IF($P4=0,"Vence hoje","No prazo"))))) | S4: FALSE | U4: =IF(COUNTIF(Checklist!$A$2:$A$3000,$A4)=0,"",COUNTIFS(Checklist!$A$2:$A$3000,$A4,Checklist!$C$2:$C$3000,TRUE)/COUNTIF(Checklist!$A$2:$A$3000,$A4)) | Y4: FALSE
J5: =IF($I5="","",IFERROR(VLOOKUP($I5,Listas!$A$2:$B$100,2,FALSE),"—")) | M5: FALSE | O5: =IF($N5="","",WORKDAY($N5,5,Listas!$O$2:$O$200)) | P5: =IF($O5="","",IF($O5>=TODAY(),NETWORKDAYS(TODAY(),$O5,Listas!$O$2:$O$200)-1,NETWORKDAYS(TODAY(),$O5,Listas!$O$2:$O$200)+1)) | Q5: =IF($O5="","",IF($R5="Finalizado","Concluído",IF($R5="Usuário desistiu","Encerrado",IF($P5<0,"Atrasado",IF($P5=0,"Vence hoje","No prazo"))))) | S5: FALSE | U5: =IF(COUNTIF(Checklist!$A$2:$A$3000,$A5)=0,"",COUNTIFS(Checklist!$A$2:$A$3000,$A5,Checklist!$C$2:$C$3000,TRUE)/COUNTIF(Checklist!$A$2:$A$3000,$A5)) | Y5: FALSE
J6: =IF($I6="","",IFERROR(VLOOKUP($I6,Listas!$A$2:$B$100,2,FALSE),"—")) | M6: FALSE | O6: =IF($N6="","",WORKDAY($N6,5,Listas!$O$2:$O$200)) | P6: =IF($O6="","",IF($O6>=TODAY(),NETWORKDAYS(TODAY(),$O6,Listas!$O$2:$O$200)-1,NETWORKDAYS(TODAY(),$O6,Listas!$O$2:$O$200)+1)) | Q6: =IF($O6="","",IF($R6="Finalizado","Concluído",IF($R6="Usuário desistiu","Encerrado",IF($P6<0,"Atrasado",IF($P6=0,"Vence hoje","No prazo"))))) | S6: FALSE | U6: =IF(COUNTIF(Checklist!$A$2:$A$3000,$A6)=0,"",COUNTIFS(Checklist!$A$2:$A$3000,$A6,Checklist!$C$2:$C$3000,TRUE)/COUNTIF(Checklist!$A$2:$A$3000,$A6)) | Y6: FALSE
J7: =IF($I7="","",IFERROR(VLOOKUP($I7,Listas!$A$2:$B$100,2,FALSE),"—")) | M7: FALSE | O7: =IF($N7="","",WORKDAY($N7,5,Listas!$O$2:$O$200)) | P7: =IF($O7="","",IF($O7>=TODAY(),NETWORKDAYS(TODAY(),$O7,Listas!$O$2:$O$200)-1,NETWORKDAYS(TODAY(),$O7,Listas!$O$2:$O$200)+1)) | Q7: =IF($O7="","",IF($R7="Finalizado","Concluído",IF($R7="Usuário desistiu","Encerrado",IF($P7<0,"Atrasado",IF($P7=0,"Vence hoje","No prazo"))))) | S7: FALSE | U7: =IF(COUNTIF(Checklist!$A$2:$A$3000,$A7)=0,"",COUNTIFS(Checklist!$A$2:$A$3000,$A7,Checklist!$C$2:$C$3000,TRUE)/COUNTIF(Checklist!$A$2:$A$3000,$A7)) | Y7: FALSE
J8: =IF($I8="","",IFERROR(VLOOKUP($I8,Listas!$A$2:$B$100,2,FALSE),"—")) | M8: FALSE | O8: =IF($N8="","",WORKDAY($N8,5,Listas!$O$2:$O$200)) | P8: =IF($O8="","",IF($O8>=TODAY(),NETWORKDAYS(TODAY(),$O8,Listas!$O$2:$O$200)-1,NETWORKDAYS(TODAY(),$O8,Listas!$O$2:$O$200)+1)) | Q8: =IF($O8="","",IF($R8="Finalizado","Concluído",IF($R8="Usuário desistiu","Encerrado",IF($P8<0,"Atrasado",IF($P8=0,"Vence hoje","No prazo"))))) | S8: FALSE | U8: =IF(COUNTIF(Checklist!$A$2:$A$3000,$A8)=0,"",COUNTIFS(Checklist!$A$2:$A$3000,$A8,Checklist!$C$2:$C$3000,TRUE)/COUNTIF(Checklist!$A$2:$A$3000,$A8)) | Y8: FALSE
J9: =IF($I9="","",IFERROR(VLOOKUP($I9,Listas!$A$2:$B$100,2,FALSE),"—")) | M9: FALSE | O9: =IF($N9="","",WORKDAY($N9,5,Listas!$O$2:$O$200)) | P9: =IF($O9="","",IF($O9>=TODAY(),NETWORKDAYS(TODAY(),$O9,Listas!$O$2:$O$200)-1,NETWORKDAYS(TODAY(),$O9,Listas!$O$2:$O$200)+1)) | Q9: =IF($O9="","",IF($R9="Finalizado","Concluído",IF($R9="Usuário desistiu","Encerrado",IF($P9<0,"Atrasado",IF($P9=0,"Vence hoje","No prazo"))))) | S9: FALSE | U9: =IF(COUNTIF(Checklist!$A$2:$A$3000,$A9)=0,"",COUNTIFS(Checklist!$A$2:$A$3000,$A9,Checklist!$C$2:$C$3000,TRUE)/COUNTIF(Checklist!$A$2:$A$3000,$A9)) | Y9: FALSE
J10: =IF($I10="","",IFERROR(VLOOKUP($I10,Listas!$A$2:$B$100,2,FALSE),"—")) | M10: FALSE | O10: =IF($N10="","",WORKDAY($N10,5,Listas!$O$2:$O$200)) | P10: =IF($O10="","",IF($O10>=TODAY(),NETWORKDAYS(TODAY(),$O10,Listas!$O$2:$O$200)-1,NETWORKDAYS(TODAY(),$O10,Listas!$O$2:$O$200)+1)) | Q10: =IF($O10="","",IF($R10="Finalizado","Concluído",IF($R10="Usuário desistiu","Encerrado",IF($P10<0,"Atrasado",IF($P10=0,"Vence hoje","No prazo"))))) | S10: FALSE | U10: =IF(COUNTIF(Checklist!$A$2:$A$3000,$A10)=0,"",COUNTIFS(Checklist!$A$2:$A$3000,$A10,Checklist!$C$2:$C$3000,TRUE)/COUNTIF(Checklist!$A$2:$A$3000,$A10)) | Y10: FALSE
J11: =IF($I11="","",IFERROR(VLOOKUP($I11,Listas!$A$2:$B$100,2,FALSE),"—")) | M11: FALSE | O11: =IF($N11="","",WORKDAY($N11,5,Listas!$O$2:$O$200)) | P11: =IF($O11="","",IF($O11>=TODAY(),NETWORKDAYS(TODAY(),$O11,Listas!$O$2:$O$200)-1,NETWORKDAYS(TODAY(),$O11,Listas!$O$2:$O$200)+1)) | Q11: =IF($O11="","",IF($R11="Finalizado","Concluído",IF($R11="Usuário desistiu","Encerrado",IF($P11<0,"Atrasado",IF($P11=0,"Vence hoje","No prazo"))))) | S11: FALSE | U11: =IF(COUNTIF(Checklist!$A$2:$A$3000,$A11)=0,"",COUNTIFS(Checklist!$A$2:$A$3000,$A11,Checklist!$C$2:$C$3000,TRUE)/COUNTIF(Checklist!$A$2:$A$3000,$A11)) | Y11: FALSE
J12: =IF($I12="","",IFERROR(VLOOKUP($I12,Listas!$A$2:$B$100,2,FALSE),"—")) | M12: FALSE | O12: =IF($N12="","",WORKDAY($N12,5,Listas!$O$2:$O$200)) | P12: =IF($O12="","",IF($O12>=TODAY(),NETWORKDAYS(TODAY(),$O12,Listas!$O$2:$O$200)-1,NETWORKDAYS(TODAY(),$O12,Listas!$O$2:$O$200)+1)) | Q12: =IF($O12="","",IF($R12="Finalizado","Concluído",IF($R12="Usuário desistiu","Encerrado",IF($P12<0,"Atrasado",IF($P12=0,"Vence hoje","No prazo"))))) | S12: FALSE | U12: =IF(COUNTIF(Checklist!$A$2:$A$3000,$A12)=0,"",COUNTIFS(Checklist!$A$2:$A$3000,$A12,Checklist!$C$2:$C$3000,TRUE)/COUNTIF(Checklist!$A$2:$A$3000,$A12)) | Y12: FALSE
J13: =IF($I13="","",IFERROR(VLOOKUP($I13,Listas!$A$2:$B$100,2,FALSE),"—")) | M13: FALSE | O13: =IF($N13="","",WORKDAY($N13,5,Listas!$O$2:$O$200)) | P13: =IF($O13="","",IF($O13>=TODAY(),NETWORKDAYS(TODAY(),$O13,Listas!$O$2:$O$200)-1,NETWORKDAYS(TODAY(),$O13,Listas!$O$2:$O$200)+1)) | Q13: =IF($O13="","",IF($R13="Finalizado","Concluído",IF($R13="Usuário desistiu","Encerrado",IF($P13<0,"Atrasado",IF($P13=0,"Vence hoje","No prazo"))))) | S13: FALSE | U13: =IF(COUNTIF(Checklist!$A$2:$A$3000,$A13)=0,"",COUNTIFS(Checklist!$A$2:$A$3000,$A13,Checklist!$C$2:$C$3000,TRUE)/COUNTIF(Checklist!$A$2:$A$3000,$A13)) | Y13: FALSE
... J301: =IF($I301="","",IFERROR(VLOOKUP($I301,Listas!$A$2:$B$100,2,FALSE),"—")) | M301: FALSE | O301: =IF($N301="","",WORKDAY($N301,5,Listas!$O$2:$O$200)) | P301: =IF($O301="","",IF($O301>=TODAY(),NETWORKDAYS(TODAY(),$O301,Listas!$O$2:$O$200)-1,NETWORKDAYS(TODAY(),$O301,Listas!$O$2:$O$200)+1)) | Q301: =IF($O301="","",IF($R301="Finalizado","Concluído",IF($R301="Usuário desistiu","Encerrado",IF($P301<0,"Atrasado",IF($P301=0,"Vence hoje","No prazo"))))) | S301: FALSE | U301: =IF(COUNTIF(Checklist!$A$2:$A$3000,$A301)=0,"",COUNTIFS(Checklist!$A$2:$A$3000,$A301,Checklist!$C$2:$C$3000,TRUE)/COUNTIF(Checklist!$A$2:$A$3000,$A301)) | Y301: FALSE

Sheet Checklist
A1: ID Protocolo | B1: Documento | C1: Entregue? | D1: Observação
C2: FALSE
C3: FALSE
C4: FALSE
C5: FALSE
C6: FALSE
C7: FALSE
C8: FALSE
C9: FALSE
C10: FALSE
C11: FALSE
C12: FALSE
C13: FALSE
... C1001: FALSE

Sheet Painel
B1: Painel do setor
B2: Próximo ID sugerido | C2: =TEXT(YEAR(TODAY()),"0000")&"-"&TEXT(COUNTA(Protocolos!$A$2:$A$301)+1,"0000")
B4: Alertas
B5: Atrasados | C5: =COUNTIF(Protocolos!$Q$2:$Q$301,"Atrasado")
B6: Vencem hoje | C6: =COUNTIF(Protocolos!$Q$2:$Q$301,"Vence hoje")
B7: Sem responsável | C7: =SUMPRODUCT((Protocolos!$A$2:$A$301<>"")*(Protocolos!$L$2:$L$301=""))
B8: Documentação incompleta | C8: =SUMPRODUCT((Protocolos!$A$2:$A$301<>"")*(Protocolos!$M$2:$M$301=FALSE))
B9: Finalizado sem digitalização | C9: =SUMPRODUCT((Protocolos!$R$2:$R$301="Finalizado")*(Protocolos!$S$2:$S$301=FALSE))
B10: Sem Nº DRD | C10: =SUMPRODUCT((Protocolos!$A$2:$A$301<>"")*(Protocolos!$B$2:$B$301=""))
B13: Por fase (não arquivados)
B14: Aguardando documentos p/ análise | C14: =SUMPRODUCT((Protocolos!$R$2:$R$301=$B$14)*(Protocolos!$Y$2:$Y$301=FALSE))
B15: Pendência de documentos | C15: =SUMPRODUCT((Protocolos!$R$2:$R$301=$B$15)*(Protocolos!$Y$2:$Y$301=FALSE))
B16: Em confecção | C16: =SUMPRODUCT((Protocolos!$R$2:$R$301=$B$16)*(Protocolos!$Y$2:$Y$301=FALSE))
B17: Em análise pelo Tabelião | C17: =SUMPRODUCT((Protocolos!$R$2:$R$301=$B$17)*(Protocolos!$Y$2:$Y$301=FALSE))
B18: Em conferência pelo usuário | C18: =SUMPRODUCT((Protocolos!$R$2:$R$301=$B$18)*(Protocolos!$Y$2:$Y$301=FALSE))
B19: Aguardando assinatura | C19: =SUMPRODUCT((Protocolos!$R$2:$R$301=$B$19)*(Protocolos!$Y$2:$Y$301=FALSE))
B20: Finalizado | C20: =SUMPRODUCT((Protocolos!$R$2:$R$301=$B$20)*(Protocolos!$Y$2:$Y$301=FALSE))
B21: Usuário desistiu | C21: =SUMPRODUCT((Protocolos!$R$2:$R$301=$B$21)*(Protocolos!$Y$2:$Y$301=FALSE))
B24: Por escrevente
C25: Em andamento | D25: Atrasados | E25: Vencem hoje
B26: Escrevente 1 | C26: =SUMPRODUCT((Protocolos!$A$2:$A$301<>"")*(Protocolos!$L$2:$L$301=$B$26)*(Protocolos!$R$2:$R$301<>"Finalizado")*(Protocolos!$R$2:$R$301<>"Usuário desistiu")*(Protocolos!$Y$2:$Y$301=FALSE)) | D26: =SUMPRODUCT((Protocolos!$L$2:$L$301=$B$26)*(Protocolos!$Q$2:$Q$301="Atrasado")) | E26: =SUMPRODUCT((Protocolos!$L$2:$L$301=$B$26)*(Protocolos!$Q$2:$Q$301="Vence hoje"))
B27: Escrevente 2 | C27: =SUMPRODUCT((Protocolos!$A$2:$A$301<>"")*(Protocolos!$L$2:$L$301=$B$27)*(Protocolos!$R$2:$R$301<>"Finalizado")*(Protocolos!$R$2:$R$301<>"Usuário desistiu")*(Protocolos!$Y$2:$Y$301=FALSE)) | D27: =SUMPRODUCT((Protocolos!$L$2:$L$301=$B$27)*(Protocolos!$Q$2:$Q$301="Atrasado")) | E27: =SUMPRODUCT((Protocolos!$L$2:$L$301=$B$27)*(Protocolos!$Q$2:$Q$301="Vence hoje"))
B28: Escrevente 3 | C28: =SUMPRODUCT((Protocolos!$A$2:$A$301<>"")*(Protocolos!$L$2:$L$301=$B$28)*(Protocolos!$R$2:$R$301<>"Finalizado")*(Protocolos!$R$2:$R$301<>"Usuário desistiu")*(Protocolos!$Y$2:$Y$301=FALSE)) | D28: =SUMPRODUCT((Protocolos!$L$2:$L$301=$B$28)*(Protocolos!$Q$2:$Q$301="Atrasado")) | E28: =SUMPRODUCT((Protocolos!$L$2:$L$301=$B$28)*(Protocolos!$Q$2:$Q$301="Vence hoje"))

Sheet Listas
A1: Tipo de ato | B1: Categoria | D1: Fase | E1: É final? | F1: Exige digitalização? | G1: Cor sugerida | I1: Responsável | K1: Canal | M1: Tipo de pessoa | O1: Feriado | P1: Descrição | R1: Tipo (modelo de checklist) | S1: Documento
A2: Procuração Ad Judicia | B2: Procurações | D2: Aguardando documentos p/ análise | E2: Não | F2: Não | G2: cinza | I2: Escrevente 1 | K2: Balcão | M2: PF | O2: 46023 | P2: Confraternização Universal | R2: (todos) | S2: Documento de identificação com CPF do(s) outorgante(s)
A3: Procuração Ad Negotia | B3: Procurações | D3: Pendência de documentos | E3: Não | F3: Não | G3: dourado | I3: Escrevente 2 | K3: WhatsApp | M3: PJ | O3: 46069 | P3: Carnaval — segunda (CONFERIR) | R3: (todos) | S3: Documento de identificação com CPF do(s) outorgado(s)
A4: Procuração para venda de imóvel | B4: Procurações | D4: Em confecção | E4: Não | F4: Não | G4: rosa | I4: Escrevente 3 | K4: E-mail | O4: 46070 | P4: Carnaval — terça (CONFERIR) | R4: (todos) | S4: Qualificação do(s) outorgante(s)
A5: Procuração bancária/financeira | B5: Procurações | D5: Em análise pelo Tabelião | E5: Não | F5: Não | G5: azul | O5: 46115 | P5: Sexta-feira Santa (CONFERIR) | R5: (todos) | S5: Qualificação do(s) outorgado(s)
A6: Escritura de Compra e Venda | B6: Escrituras | D6: Em conferência pelo usuário | E6: Não | F6: Não | G6: verde-água | O6: 46133 | P6: Tiradentes
A7: Escritura de Doação | B7: Escrituras | D7: Aguardando assinatura | E7: Não | F7: Não | G7: ameixa | O7: 46143 | P7: Dia do Trabalho
A8: Escritura de Inventário e Partilha | B8: Escrituras | D8: Finalizado | E8: Sim | F8: Sim | G8: verde | O8: 46177 | P8: Corpus Christi (CONFERIR)
A9: Escritura de União Estável | B9: Escrituras | D9: Usuário desistiu | E9: Sim | F9: Não | G9: escuro | O9: 46272 | P9: Independência do Brasil
A10: Escritura de Divórcio Consensual | B10: Escrituras | O10: 46307 | P10: Nossa Senhora Aparecida
A11: Escritura Declaratória | B11: Escrituras | O11: 46328 | P11: Finados
O12: 46341 | P12: Proclamação da República
O13: 46346 | P13: Consciência Negra
O14: 46381 | P14: Natal
